,ID,Tweet
0,0,"Recuperan pulmones humanos al conectarlos al sistema circulatorio de un cerdo
https://t.co/yOj4oCmKqU"
1,1,"1,177 personas privadas de libertad han dado positivo por  #COVIDー19 hasta la fecha, y 1,008 se han recuperado. #TReporta @PenitenciarioPA https://t.co/PKrlTitv02"
2,2,.@Alaves empata 0-0 ante el @GetafeCF. El panameño José Luis Rodríguez se mantuvo en la banca. #DeportesTR https://t.co/LPmUggTGlw
3,3,"Con presidenta con COVID-19, Bolivia aplica gobierno virtual
https://t.co/xEVEGOFTCb"
4,4,Promulgan decreto que convierte acuerdos de la mesa tripartita en normas obligatorias https://t.co/q4etOfwBzE #Panamá https://t.co/i6mW4srvgG
5,5,Richardson busca liberación de estadounidenses en Venezuela https://t.co/lQ6CEhswXC https://t.co/1MW3gxh6tV
6,6,"OMS: El mundo no recuperará la normalidad previa a la pandemia en un ""futuro previsible""
https://t.co/mIiqdulsBo"
7,7,"Vicepresidente del @PARLACEN por Panamá, @GSuccari,  informa que los resultados a las pruebas de #COVIDー19  fueron negativos, y completará su recuperación en casa. #TReporta https://t.co/Xk2VT6VpVN"
8,8,Decomisan camión con paquetes de droga en San Miguelito https://t.co/D8cRLhv274 https://t.co/X6B8aILPGj
9,9,"Detienen a una persona en Veraguas, durante la visita a un familiar en la cárcel pública de Santiago, luego de que la Unidad Canina detectara presuntas sustancias ilícitas dentro de huevos. @ProtegeryServir #TReporta https://t.co/M1Y1wIIBZE"
10,10,"Defensa de Ricardo Alberto Martinelli Linares presentó amparo en Guatemala. ""Está solicitando que se le otorgue un plazo para que se pida al Parlacen la documentación para hacer constar que Linares es diputado suplente"", periodista @Sosegueda2287 de @CanalAntigua. #TReporta https://t.co/dCxihXOjwB"
11,11,Estudiantes de la UTP ganan primer y segundo lugar en competencia mundial de seguridad informática https://t.co/d4HhWw5R3g #Panamá https://t.co/zVMrm5L4tM
12,12,VÍDEO| Ricardo Martinelli presenta otra incapacidad médica por dos meses https://t.co/01nTVjkIm3 #Panamá https://t.co/W2tBW6bxkW
13,13,El Brexit regresa a la primera fila de la política británica https://t.co/uIuW6cKgnQ https://t.co/bwij3rRfMH
14,14,"Policías linces verificaron un camión, en el cual se encontró un saco con 25 paquetes rectangulares con supuesta droga, en el sector de Paraíso, corregimiento de Mateo Iturralde, distrito de San Miguelito. @ProtegeryServir #TReporta https://t.co/oyKk67mR2F"
15,15,"Habilitarán 50 camas en el Hospital Regional en David, ubicado en la provincia de Chiriquí. Las autoridades indicaron que de esa cantidad 10 serán para la Unidad de Cuidados Intensivos que atiende a pacientes con COVID-19. #TReporta https://t.co/zsHqtpSwP1"
16,16,"Trabajos de limpieza del cajón pluvial ubicado en calle Manuel Guerrero, San Antonio, que se mantenía obstruido por un tronco de árbol. @MOPPma #TReporta https://t.co/HJP5WTaTgh"
17,17,"Google invertirá en ""transformación digital"" de India https://t.co/IHN0UmNyG3 https://t.co/uuuoE32TE5"
18,18,"Tras una explosión que se registró en un edificio en Río Abajo, un niño de 8 años de edad presenta quemaduras en el 60% de su cuerpo. Ante esta situación la madre del menor solicita apoyo económico e indicó que las personas pueden colaborarles donando sangre también. #TReporta https://t.co/Jm1Lb2GfuB"
19,19,"""En fase de recuperación"" de un cuerpo en el lago donde desapareció la actriz Naya Rivera. @EFEnoticias #InternacionalesTR https://t.co/p2FXIe3loQ"
20,20,Autoridades en Colombia están tras la pista de un hombre que bebió de varias botellas de jugo y la volvió a colocar en el estante de un supermercado de Medellín. #InternacionalesTR https://t.co/mBlMfcVIDF
21,21,"Un nuevo grupo de nicaragüenses sale hacia su país, aún quedan 481 en #Panamá https://t.co/uLcRWKXjaQ https://t.co/bBaRdUYKnJ"
22,22,"Vista del tráfico a esta hora en la avenida Ricardo J. Alfaro, a la altura de la Casa Redonda. @gtraficoattt #TReporta https://t.co/a5UtcRnC4T"
23,23,"Europa critica a Turquía por mezquita, exploración en aguas https://t.co/HZLBOx11mE https://t.co/eir1gHapC9"
24,24,"Defensa del expresidente Ricardo Martinelli presenta nueva incapacidad médica ante el Ministerio Público. ""La Fiscalía tiene que aprender a respetar los dictámenes médicos. En este caso son 2 especialistas"", señaló el abogado Roniel Ortiz. #TReporta https://t.co/VbGu1p94r8"
25,25,"Abogados de los hermanos Luis Enrique y Ricardo Alberto Martinelli Linares, insisten en que la detención de estos ciudadanos en Guatemala fue ilegal. #TReporta https://t.co/AbfYviA8pL"
26,26,Gracias por acompañarnos en la #EdiciónMediodía de #TReporta https://t.co/GOUaxcGTGk
27,27,"La madre de menor afectado por la explosión que se registró en un edificio en Río Abajo, solicita ayuda. El pequeño presenta quemaduras en el 60% de su cuerpo. #TReporta https://t.co/vwmWtSwpYL"
28,28,"Eligen a Parita como mascota de los Juegos Panamá 2022

https://t.co/yphc8AhOko https://t.co/wVgT0acltf"
29,29,VÍDEO| Defensa de hermanos Martinelli Linares en #Panamá insiste en que detención fue ilegal https://t.co/EpNqs18Dy0 https://t.co/JqNXTJLwl0
30,30,Parita es la mascota oficial de los Juegos Centroamericanos y del Caribe Panamá 2022. #DeportesTR https://t.co/oQM5VmCnzS
31,31,Zona Libre autoriza descuento en cánones de arrendamiento de locales y lotes https://t.co/uHgj6dRjWv https://t.co/4saMZY9RgP
32,32,"VÍDEO| Entregan 50 camas al Hospital Rafael Hernández, 10 para cuidados intensivos https://t.co/IyfdNKcgEK #Panamá https://t.co/o3akpfkgjt"
33,33,"Hoy se cumplen 7 años del fallecimiento del actor Cory Monteith, quien compartió pantalla en la serie #Glee con la actriz Naya Rivera, desaparecida en un lago de California. #InternacionalesTR https://t.co/3sOmgW3i4g"
34,34,VÍDEO| Trabajadores de aseo de la CSS exigen insumos para enfrentar el COVID-19 https://t.co/pfseanX9NY #Panamá https://t.co/BiHPUfJfwt
35,35,Ministro del MICI presenta proyecto que crea el Régimen EMMA https://t.co/78A7DJfhxg https://t.co/nrNiST3YKl
36,36,"""Hay una incapacidad, la Fiscalía tiene que aprender a respetar los dictámenes médicos. En este caso son 2 especialistas"", abogado Roniel Ortiz. #TReporta https://t.co/uQhyHfTvGD"
37,37,Defensa del expresidente Ricardo Martinelli presenta nueva incapacidad médica ante el Ministerio Público. El exmandatario no podrá comparecer por caso Odebrecht y New Business. #TReporta https://t.co/y8ocxsxi2o
38,38,"Emiten aviso por probabilidad de lluvias con actividad eléctrica y ráfagas de vientos para Colón, Comarca Guna Yala, Panamá Este, Oeste, Centro y Norte, Coclé, Veraguas, Los Santos, Chiriquí, Bocas del Toroy la Comarca Ngäbe Buglé. @Etesatransmite @Sinaproc_Panama #TReporta https://t.co/OPsI09fPxW"
39,39,VÍDEO| Protestan en Nuevo Emperador por falta de agua https://t.co/0rMwj4AsyB #Panamá https://t.co/fMZZ9J2i4W
40,40,Bomberos de Bocas del Toro realizan la remoción de un árbol que cayó sobre la vía en el área de Boca del Drago. @BCBRP #TReporta https://t.co/SxmUdQa5Dj
41,41,"Defensa de Ricardo Alberto Martinelli Linares pidió a la Dirección de Gestión Penal en Guatemala, un plazo para solicitar al @PARLACEN documento que haga constar que Linares es diputado de ese ente. @Sosegueda2287 @CanalAntigua #TReporta https://t.co/tdp8Fjvvxh"
42,42,"El caso de extradición de los hermanos Martinelli Linares sigue en suspenso en Guatemala, mientras que sus abogados en Panamá insisten en que la detención fue ilegal. #TReporta https://t.co/Zt5N0Ok0Pm"
43,43,"A su máxima capacidad están los hospitales privados del país, por lo que han tenido que reinventarse, señaló el exministro de Salud, José Manuel Terán. Esta situación preocupa al personal de salud por el aumento de los casos de coronavirus en Panamá. #TReporta https://t.co/5WHfjugWk9"
44,44,Encuentran un cuerpo en el lago donde desapareció la actriz Naya Rivera https://t.co/PFkWmYiotw
45,45,"Unas 50 camas serán habilitadas en el Hospital Rafael Hernández en David, provincia de Chiriquí. La medida busca reforzar la capacidad hospitalaria, ante el aumento de los casos de COVID-19. #TReporta https://t.co/ly7iaWLgvz"
46,46,Defensa de Ricardo Martinelli Linares solicita plazo para pedir documentación al Parlacen https://t.co/2AGGVV7Fdv https://t.co/8yCwlrE1P1
47,47,La Policía del Condado de Ventura (EE.UU.) encuentra un cuerpo en el lago donde desapareció la actriz Naya Rivera. @EFEnoticias #InternacionalesTR https://t.co/KPIEIU69Rn
48,48,"Realizan una jornada de limpieza profunda en el centro de acopio del Plan Panamá Solidario, en la provincia de Coclé. #TReporta https://t.co/4f4n3vOTpa"
49,49,"Trabajadores de la sección de aseo del Complejo Hospitalario de la Caja de Seguro Social, protestaron. Solicitan la dotación de insumos que les permita realizar sus labores con la mayor seguridad en medio de la pandemia. #TReporta https://t.co/9gUMvfZtti"
50,50,"Sale hacia Nicaragua el cuarto grupo de extranjeros que se encontraban en albergues de Chiriquí, aún quedan a la espera de su autorización otras 481 personas. @migracionpanama #TReporta https://t.co/5BofwSiGCt"
51,51,"Moradores de varias comunidades en Arraiján, protestan por la falta de agua potable. Solicitan una respuesta por parte de las autoridades. #TReporta https://t.co/XKV3otM0oX"
52,52,Presentan proyecto para protección de empleo en empresas afectadas por el COVID-19 en #Panamá https://t.co/01SQ6wqTgf https://t.co/kH02rgiikf
53,53,"Inicia la #EdiciónMediodía de #TReporta con @massiel2503. Sintoniza la transmisión por @Telemetro, https://t.co/0DJQEaUz3H o @MedcomGo https://t.co/RlUDDx16yx"
54,54,"Sanofi, cerca de acuerdo con UE por 300 millones de dosis de vacuna anti-COVID
https://t.co/GSYA5p6Dmy"
55,55,Defensa de Ricardo Alberto Martinelli Linares presenta amparo en la Dirección de Gestión Penal en Guatemala. Pide que se le autorice un plazo para solicitar al @PARLACEN documento que haga constar que Linares es diputado de ese ente. @Sosegueda2287 @CanalAntigua #TReporta https://t.co/RzPnsRV8oy
56,56,"La ministra del @MitradelPma presentó al Pleno de la @asambleapa, un proyecto de ley que establece medidas para proteger el empleo en las empresas afectadas por el COVID-19 en Panamá y a los trabajadores con contratos suspendidos hasta el 31 de diciembre de 2020. #TReporta https://t.co/79AZbsX7Ib"
57,57,Más de 90 contagios en bases militares de EEUU en Okinawa https://t.co/qxCD0OFGra https://t.co/saZH11GeO9
58,58,Ifarhu reiniciará los pagos de Planilla Global y Beca Universitaria en Veraguas https://t.co/gVMucW3JTf https://t.co/1FoQUpk17g
59,59,RT @violaguevara: Embajada de China en Panamá @weiasecas entrega donación de tablets a Alcaldesa de Penonomé. @TReporta https://t.co/sRgsNY…
60,60,"EEUU abrumado por el peor brote de virus en el mundo
https://t.co/pCBSDbza0u"
61,61,"El 2do vicepresidente de la @asambleapa, @HDTitoRodrguez1, declara abierta la sesión correspondiente a hoy lunes 13 de julio de 2020. #TReporta https://t.co/MOkFGtkv3w"
62,62,"Unos 7 panameños residentes salieron desde Roma hacia Ámsterdam, para abordar un vuelo de repatriación y retornar a Panamá. @embpanamaita #TReporta https://t.co/L1fFY5OI0J"
63,63,"NFL: Washington renuncia al nombre 'Redskins' tras 87 años
https://t.co/TGVnraR89h"
64,64,"Rescatan a un pichón de halcón que se encontraba en la orilla de la carretera Interamericana, en Chepo. @senafrontpanama informó que una vez este animal sea revisado por funcionarios de @MiAmbientePma, será liberado en su hábitat natural. #TReporta https://t.co/Aa1NqKKBcJ"
65,65,VÍDEO| Ocupación en cuidados intensivos de hospitales privados en #Panamá está al 100% https://t.co/8PDUpQ38Hs https://t.co/9IqX3MUUqN
66,66,"Unidades de @ProtegeryServir alimentan a varios gatos que se mantienen en la Cinta Costera. La entidad indicó que la fauna doméstica también se ha visto afectada, en medio de la pandemia en Panamá. #TReporta https://t.co/IyWKk25zGu"
67,67,"Reportan un accidente de tránsito en la salida del Corredor Norte, por Tinajitas, en dirección a Panamá Norte. Mucha precaución por el área. @TraficoCPanama #TReporta https://t.co/euEyhnK6G7"
68,68,Jueza se inhibe de conocer solicitud defensa de Martinelli sobre afectación de derechos https://t.co/wYCPyLhc4G https://t.co/rU2Ub6IOCl
69,69,Karol G sale positiva por coronavirus https://t.co/MjCdSjqGU4 https://t.co/Iwhr0k1Wr0
70,70,Ordenan prisión preventiva en caso presunta venta medicina donada en Ecuador https://t.co/22CT3ONruT https://t.co/bGCNbdHyX5
71,71,"Reportan un accidente de tránsito en la vía Interamericana, por El Espino en La Chorrera, en dirección a Panamá Centro. @TraficoCPanama #TReporta https://t.co/PmzS15Wvvx"
72,72,"Realizan allanamientos en la barraca Tres Reyes Magos, en San Miguel, Calidonia. El @PGN_PANAMA informó que buscan ubicar a 2 personas señaladas por haber cometido homicidio. #TReporta https://t.co/YJFlcHSRbI"
73,73,México supera las 35.000 muertes por COVID-19 https://t.co/9cQqCIe737 https://t.co/TznGgYceME
74,74,VÍDEO| Médicos del Hospital Rafael Hernández exigen insumos para enfrentar el COVID-19 https://t.co/5ElJKRAlG5 #Panamá https://t.co/KAflnvk4tZ
75,75,"Realizan labores de limpieza en diferentes avenidas de la ciudad capital, en medio de la pandemia del COVID-19, informa @AAUD_Panama. #TReporta https://t.co/UXHrxoBoBU"
76,76,VÍDEO| Encuentra 24 y OLX fusionan operaciones en Centroamérica https://t.co/dtQQbdFf0Q #Panamá https://t.co/Ske2jRixaa
77,77,"#AvancesTR Camas de cuidados intensivos de los hospitales privados están al 100% de su capacidad, mientras los casos de COVID-19 van en aumento. Los detalles completos de esta y otras informaciones en la #EdiciónMediodía de #TReporta https://t.co/hqOJCaWiPW"
78,78,"Justicia israelí rechaza demanda de revocar licencia a programa de espionaje Pegasus
https://t.co/aVRDlLLRnN"
79,79,VÍDEO| Presentan iniciativa para que se modifique la figura de secuestro de bienes https://t.co/KJsDKO2ppU #Panamá https://t.co/PwG7dTst5I
80,80,VÍDEO| Glosas de @flormizrachi: 13 de julio de 2020 https://t.co/MRxzrEu0pN https://t.co/l6w4leZVJ6
81,81,VÍDEO| Cervecería Nacional adapta fábrica para confección de mascarillas https://t.co/2ureQ4CgeN #Panamá https://t.co/lisQSvck8o
82,82,"Aprehenden a 2 personas por venta ilegal de cerveza, licor y cigarrillos, en el corregimiento Rodolfo Aguilar, en la provincia de Chiriquí. @senafrontpanama #TReporta https://t.co/yONGy6HNH4"
83,83,China reporta 141 muertos o desaparecidos en inundaciones https://t.co/qd5KzFBKDc https://t.co/sL0uWsLuuX
84,84,"El meteorólogo de @Etesatransmite, Roberto Martínez, comparte cuáles son las condiciones del tiempo esperadas para hoy lunes 13 de julio. #TReporta https://t.co/ZKcukGmjAr"
85,85,"RT @Taysha_Nurse: Asociación de empleados de la CSS (sección de aseo) protesta solicitando insumos para enfrentar el Covid19, pruebas de tr…"
86,86,"Italia prohíbe la entrada de panameños por estar entre los países con más riesgo de contagio del COVID-19. ""Ellos dicen que los nuevos rebrotes provienen de personas que llegan a suelo italiano procedente de estos países"", Jenny Lee Martínez, periodista en Italia. #TReporta https://t.co/RUP2Kzq3Dq"
87,87,Reporte: Maduro elude sanciones con petroleros clandestinos https://t.co/Vph5HGtGu8 https://t.co/oPlzXSJUud
88,88,Parita es la mascota oficial de los Juegos Centroamericanos y del Caribe Panamá 2022. El comité organizador señaló que la decisión se dio tras una reñida votación. Vía: juegospanama2022 #DeportesTR https://t.co/XDM4T67QfU
89,89,"Muere la actriz Kelly Preston, esposa de John Travolta, a los 57 años
https://t.co/EI27PYVlQb"
90,90,"Unas 1,333 personas fueron retenidas durante el fin de semana, por incumplir el toque de queda, a nivel nacional. De esta cifra 1,122 hombres, 170 mujeres y 41 menores de edad, fueron sancionados porque no acataron la medida. @ProtegeryServir #TReporta https://t.co/3hwXz1HmJm"
91,91,"Médicos del Hospital Regional de Chiriqui exigen insumos ante el COVID-19. Además están preocupados por la capacidad hospitalaria. ""El cuarto de urgencia en la noche de ayer estaba lleno, el área de positivos estaba lleno, intensivos estaba lleno"", Dra. Rocío Arroyo. #TReporta https://t.co/F8nZgMcjAy"
92,92,"VÍDEO| Italia prohibió ingreso de personas procedentes de #Panamá por alto contagio, explica periodista https://t.co/WWFxRrBCmI https://t.co/zxJj3StrBb"
93,93,"Detienen en Francia a uno de los hombres más buscados por pedofilia en la ""darknet""
https://t.co/cYLCWFSl3Z"
94,94,Realizan audiencia de afectación de derechos a Martinelli en caso Caja de Ahorros https://t.co/HJSfiP1jij https://t.co/9WIJmR9Ftw
95,95,VÍDEO| Exministro de Salud se refiere a propuesta de cuarentena total https://t.co/c2EVfV4s7B #Panamá https://t.co/XzWUcCQMhk
96,96,¡Una buena acción! Alimentan a una manada de mapaches que se encontraban en la Calzada de Amador. Unidades de la Policía Ambiental indicaron que están velando por el bienestar de la fauna silvestre. @ProtegeryServir #TReporta https://t.co/NEp4FGYbDi
97,97,"India suma 28.000 nuevos casos del virus, retoma cuarentenas https://t.co/oNmj8dPSBu https://t.co/g1hzL9RNB0"
98,98,"El abogado Ernesto Cedeño, habló de una propuesta legislativa que presentó ante la Asamblea Nacional. La misma busca modificar la figura del secuestro civil en Panamá. #TReporta https://t.co/RsjE2A4iZ6"
99,99,VÍDEO| Mitradel: Hay 271 mil trabajadores con contratos suspendidos https://t.co/fWkKYFXTd4 #Panamá https://t.co/AvbmwB2vIY
100,100,"Presentarán ante la @asambleapa un proyecto de ley sobre la protección del empleo en Panamá, la Ministra del @MitradelPma, brindó detalles del tema. ""Este proyecto establece la prórroga de la suspensión de los contratos hasta el 31 de diciembre de 2020"", dijo. #TReporta https://t.co/naCeVr5ygf"
101,101,"Karol G sale positiva por conoravirus
https://t.co/E6gH2t7LPs"
102,102,"Análisis del COVID-19 en Panamá. ""Nosotros tenemos en este momento un 100% de ocupación en las unidades de cuidados intensivos en todos los hospitales privados del país y tenemos aproximadamente un 60% de ocupación en las salas"", dijo José Terán, exministro de Salud. #TReporta https://t.co/nYo71gflMY"
103,103,Gracias por acompañarnos en la #EdiciónMatutina de #TReporta https://t.co/L0k7FdOSee
104,104,"""Se está recibiendo un promedio de 15 pacientes por día en la parte del hospital"", médica Rocío Arroyo. #TReporta"
105,105,"""En la provincia también se tiene que hace un llamado para disminuir la movilidad de las personas, porque la cantidad de casos que salen cada día van en incremento"", médica Rocío Arroyo. #TReporta https://t.co/prjn0CVpZg"
106,106,VÍDEO| Autoridades de salud en San Miguelito continúan con acciones para enfrentar el COVID-19 https://t.co/kRXYxqESgE #Panamá https://t.co/00YpPJsPJI
107,107,Una juez revoca orden catalana de confinamiento por el virus https://t.co/0g3G6C19yk https://t.co/ufH7g0cNr0
108,108,"""La semana pasada volvimos a salir. (...) El cuarto de urgencia del Hospital Rafael Hernández de Chiriqui en la noche de ayer estaba lleno, el área de positivos estaba lleno, intensivos estaba lleno"", médica Rocío Arroyo. #TReporta"
109,109,"""Encuentra24 hizo la fusión con OLX y tiene las operaciones ahora en Guatemala, El Salvador, Costa Rica y Panamá"", Boris Métrauz, cofundador de Encuentra24. #TReporta"
110,110,"""Hemos dicho que si invertimos toda la inteligencia para mejorar el proceso, sería en beneficio de los usuarios"", Boris Métrauz, cofundador de Encuentra24. #TReporta"
111,111,"""Ambas empresas han invertido muchos recursos tecnológicos, tratando de ganar"", Boris Métrauz, cofundador de Encuentra24. #TReporta"
112,112,"""Estábamos con OLX desde hace 5 años como competencia"", Boris Métrauz, cofundador de Encuentra24. #TReporta https://t.co/DanDDV8bUS"
113,113,VÍDEO| Corte rechazó solicitud de aclaración de fallo sobre plataformas de transporte https://t.co/hB11Izq4ku #Panamá https://t.co/uPH2r4drWV
114,114,"""Vamos exportar desde Panamá para otros países de América Latina"", Danilo Pires, presidente Cervecería Nacional. #TReporta"
115,115,"""Vamos a enviar ese insumo para todo nuestro grupo interno"", Danilo Pires, presidente Cervecería Nacional. #TReporta"
116,116,"Reconvierten su fábrica para elaborar mascarillas quirúrgicas. ""Hicimos con un aporte inicial de 1 millón de dólares"", Danilo Pires, presidente Cervecería Nacional. #TReporta"
117,117,"""Sabemos que nosotros con la pandemia hemos afrontado cambios sociales y culturales. Buscamos adaptarnos"", Danilo Pires, presidente Cervecería Nacional. #TReporta https://t.co/YKRYPHXLId"
118,118,Tres misiones se preparan para viajar a Marte https://t.co/l7yeXlMWJa https://t.co/G84XxxpzP9
119,119,"""Propongo que en Panamá cuando pidan un secuestro de bienes se establezca la verosimilitud del derecho y el peligro del perjuicio"", abogado Ernesto Cedeño. #TReporta"
120,120,"""He visto casos en donde dominadores, empresas, para tratar de quebrar la voluntad de algunos autores, establecen secuestros"", abogado Ernesto Cedeño. #TReporta"
121,121,"""Ahora mismo en democracia se está abusando de las medidas cautelares"", abogado Ernesto Cedeño. #TReporta"
122,122,"""(...) Me escribió el representante legal del Partido Panameñista manifestándome que iba a reunir a toda su bancada para tocar, para ponderar, la probabilidad de darle algún algún tipo de trámite a esta iniciativa"", abogado Ernesto Cedeño. #TReporta"
123,123,"Propuesta legislativa para modificar la figura del secuestro civil. ""Yo presenté la iniciativa la semana pasada, dirigida al Presidente de la Asamblea Nacional"", abogado Ernesto Cedeño. #TReporta https://t.co/naVZFTLLYb"
124,124,"""Ellos dicen que los nuevos rebrotes provienen de personas que llegan a suelo italiano procedente de estos países"", Jenny Lee Martínez, periodista en Italia. #TReporta"
125,125,"""Italia considera a Panamá como uno de los países con mayor contagio"", Jenny Lee Martínez, periodista en Italia. #TReporta"
126,126,"""Hay un vuelo que en estos momentos salió de Roma"", Jenny Lee Martínez, periodista en Italia. #TReporta"
127,127,"""Según el Ministro de Salud italiano, Panamá tiene un alto contagio, y no se permitirá entrar a los panameños o a las personas que están de tránsito de Panamá hacia Roma"", Jenny Lee Martínez, periodista en Italia. #TReporta"
128,128,"""Y entre estas está la lista negra que tiene a 14 países entre los cuales figura Panamá"", Jenny Lee Martínez, periodista en Italia. #TReporta"
129,129,"”El Ministro de Salud italiano mañana en el Parlamento explicará todas la situación de las nuevas medidas que está tomando Italia"", Jenny Lee Martínez, periodista en Italia. #TReporta https://t.co/vs37uUHmTG"
130,130,"""Hemos tenido que reinventarnos y abrir espacios para darle oportunidad a los pacientes COVID-19"", Dr. José Terán, exministro de Salud. #TReporta https://t.co/6FcRkXgJRc"
131,131,"""Nosotros tenemos en este momento un 100% de ocupación en las unidades de cuidados intensivos en todos los hospitales privados del país y tenemos aproximadamente un 60% de ocupación en las salas"", Dr. José  Terán, exministro de Salud. #TReporta https://t.co/tcUQlVrIwi"
132,132,MICI presentará proyecto de ley que crea el Régimen Especial EMMA https://t.co/sFnanFxYS1 https://t.co/nOvPzQKcXm
133,133,"""(...) Con el problema que hoy tenemos a las mismas personas trabajando que hace 2 meses atrás, la fuerza laboral no se ha duplicado al ritmo como se ha duplicado la cantidad de casos y eso es muy preocupante"", Dr. José Terán, exministro de Salud. #TReporta https://t.co/QcahabVjhF"
134,134,"""En el mes de abril durante muchas semanas tuvimos un RT por debajo de 1 que es lo indicado y teníamos un promedio de 55 pacientes en cuidados intensivos, hoy tenemos el doble"", Dr. José Terán, exministro de Salud. #TReporta https://t.co/htC4wd9rt7"
135,135,"""Cuando estuvimos en la parte asesora tomamos las mejores prácticas de aquellos países que ya habían pasado por eso y nos enfocamos en dar esas recomendaciones y funcionó"", Dr. José  Terán, exministro de Salud. #TReporta"
136,136,"""(...) Esto tiene que ser algo bien planificado"", Dr. José  Terán, exministro de Salud. #TReporta"
137,137,"Reacción ante solicitud de cuarentena total. ”He escuchado últimamente una tendencia hacia esa solución"", Dr. José  Terán, exministro de Salud. #TReporta https://t.co/Ny2KYzjdi4"
138,138,"""(...) Dependiendo de las capacidades de las instalaciones sanitarias y dependiendo de las condiciones generales del país"", Dr. José Manuel Terán, exministro de Salud. #TReporta https://t.co/U53cGDyjpp"
139,139,"Reacción ante solicitud de cuarentena total. ”Eso nunca ha estado fuera de las consideraciones, siempre se dijo que esto podría ser un evento de apretar y aflojar"", Dr. José Manuel Terán, exministro de Salud. #TReporta https://t.co/FJfJ4Gc6yB"
140,140,"""Nosotros establecimos una plataforma donde las empresas mes a mes están haciendo sus prórrogas de los contratos"", ministra del @MitradelPma, Doris Zapata. #TReporta"
141,141,"""Este proyecto establece la prórroga de la suspensión de los contratos hasta el 31 de diciembre de 2020"", ministra del @MitradelPma, Doris Zapata. #TReporta"
142,142,"""Tenemos 271 mil trabajadores con contratos suspendidos"", ministra del @MitradelPma, Doris Zapata. #TReporta https://t.co/YA9f4GtFbX"
143,143,"""(...) Le da seguridad a las empresas y esto nos permite a nosotros seguir trabajando"", ministra del @MitradelPma, Doris Zapata. #TReporta"
144,144,"""Es un proyecto que desarrolla la protección constitucional de la maternidad, establece la protección del empleo, genera ingresos a los trabajadores"", ministra del @MitradelPma, Doris Zapata. #TReporta"
145,145,"""(...) Establece una medida en función de los mutuos acuerdos que se dan en cada una de las empresas"", ministra del @MitradelPma, Doris Zapata. #TReporta"
146,146,"""Este proyecto de ley también establece el retorno gradual de los trabajadores"", ministra del @MitradelPma, Doris Zapata. #TReporta"
147,147,"""Es un proyecto que es una norma temporal, sus normas en su gran mayoría rigen hasta el 31 de diciembre de 2020. Son aplicables a empresas que se vieron en la obligación de cerrar por el COVID-19"", ministra del @MitradelPma, Doris Zapata. #TReporta"
148,148,"""Se trata de un proyecto de ley que tiene 16 artículos"", ministra del @MitradelPma, Doris Zapata. #TReporta"
149,149,"Presentarán en la Asamblea Nacional proyecto de ley sobre protección de empleo. ""Esta iniciativa es parte de los puntos que como Ministerio tocamos en la Mesa del Diálogo Laboral"", ministra del @MitradelPma, Doris Zapata. #TReporta https://t.co/DFY3CG4I53"
150,150,"""Ninguna mascarilla es 100% segura"", indicó la directora de Salud de San Miguelito, Yaritzel Ríos. Señaló que el uso de los cubrebocas va en conjunto con el lavado de manos y el distanciamiento físico. #TReporta https://t.co/OaKqYDAc1P"
151,151,"""Vemos que muchas personas utilizan las mascarillas pero no lo hacen bien"", Yaritzel Ríos, directora de Salud de San Miguelito. #TReporta"
152,152,"""Las mascarillas quirúrgicas y las N95 te protegen un poco más que las de tela"", Yaritzel Ríos, directora de Salud de San Miguelito. #TReporta"
153,153,"Mascarilla de tela. ""Ninguna mascarilla es 100% segura, estas recomendaciones van en conjunto con el uso de mascarilla, el lavado de mano y el distanciamiento físico"", Yaritzel Ríos, directora de Salud de San Miguelito. #TReporta"
154,154,"""(...) Buscamos que las personas permanezcan en sus casas"", Yaritzel Ríos, directora de Salud de San Miguelito. #TReporta"
155,155,"”Hemos ideado un Centro de Operaciones para el Control y Trazabilidad del COVID-19"", Yaritzel Ríos, directora de Salud de San Miguelito. #TReporta"
156,156,"""Tenemos un acumulado de más de 6 mil casos de coronavirus y alrededor de 1,800 casos activos en San Miguelito”, Yaritzel Ríos, directora de Salud de ese distrito. #TReporta"
157,157,"Análisis del COVID-19. ”En San Miguelito tenemos una preocupación por los altos índices"", Yaritzel Ríos, directora de Salud de San Miguelito. #TReporta https://t.co/GB9FRSjFRU"
158,158,"""(...) Porque es un servicio no liberado, es un servicio público"", Martín Franco, presidente de la Cámara Nacional de Transporte. #TReporta"
159,159,"""Nos han venido afectado durante 7 meses, el mismo fallo de la CSJ está diciendo que el servicio que ellos brindan lo realizan de forma ilegal"", Martín Franco, presidente de la Cámara Nacional de Transporte. #TReporta"
160,160,"""El mismo fallo de la Corte Suprema le hace la observación a la Autoridad del Tránsito y le dice solamente pueden según la Dirección de Comercio Electrónico, servir como intermediarios"", Martín Franco, presidente de la Cámara Nacional de Transporte. #TReporta"
161,161,"""(...) No para brindar un servicio de transporte"", Martín Franco, presidente de la Cámara Nacional de Transporte. #TReporta"
162,162,"""La Corte Suprema dice que sí se puede cobrar en efectivo, pero las plataformas tienen una autorización del Ministerio de Comercio solamente como intermediarios"", Martín Franco, presidente de la Cámara Nacional de Transporte. #TReporta"
163,163,"""Queremos que el fallo lo ejecuten tan como lo dice la Corte Suprema de Justicia"", Martín Franco, presidente de la Cámara Nacional de Transporte. #TReporta"
164,164,"""(...) Entre quien solicita el servicio y quien está legítimamente o legal para brindar el servicio"", Martín Franco, presidente de la Cámara Nacional de Transporte. #TReporta"
165,165,"En la semana se anunciarán medidas de salud y económicas, dice Cortizo https://t.co/vHu120WlEm #Panamá https://t.co/ZuoaFS9c2D"
166,166,"CSJ rechaza solicitud de aclaración de cobro en efectivo de plataformas digitales. ""El mismo fallo dice que la autorización que tienen las plataformas digitales solo son como intermediarios"", Martín Franco, presidente de la Cámara Nacional de Transporte. #TReporta https://t.co/2D144nfdcM"
167,167,Duda es reelegido en las ajustadas elecciones en Polonia https://t.co/XqcYb0JKT6 https://t.co/kuoFPBmdiU
168,168,"La solicitud de los médicos internistas de establecer una cuarentena total para las provincias de Panamá, Panamá Oeste y Chiriquí, es evaluada por las autoridades. #TReporta https://t.co/EOlJpARbYS"
169,169,El presidente Laurentino Cortizo se reunió con los miembros del Consejo Consultivo de Salud. En los próximos días se anunciarán medidas en materia económica y de salud. #TReporta https://t.co/MS8y1h8AfD
170,170,"Varias personas insisten en incumplir las medidas sanitarias, en medio del COVID-19 en Panamá. Las autoridades indicaron que a una grupo de ciudadanos les tocó realizar trabajo comunitario. #TReporta https://t.co/VVO1k12Mcw"
171,171,"Unas 24 personas se mantenían en la playa Buenaventura, en la provincia de Coclé. Estos ciudadanos fueron sancionados. #TReporta https://t.co/jX6Y2dkXGZ"
172,172,"Varias personas fueron retenidas por incumplir el toque de queda. Las autoridades informaron que más de 25 trabajadores de una empresa que se dedica a la entrega de comida a domicilio, fueron sorprendidos en una fiesta, en la provincia de Panamá Oeste. #TReporta https://t.co/PY8cMUyXyH"
173,173,"El presidente Laurentino Cortizo se reunió con los miembros del Consejo Consultivo de Salud. El mandatario indicó que en los próximos días se anunciarán medidas en materia económica y de salud, en medio de la pandemia del COVID-19. #TReporta https://t.co/ShtrRqYH6x"
174,174,"¡Feliz lunes Panamá! Inicia la #EdiciónMatutina de #TReporta con @atenogenesR. Sintoniza la transmisión por @Telemetro, https://t.co/0DJQEaUz3H o @MedcomGo #TReporta https://t.co/LbNonvtklJ"
175,175,"El @BCBRP informó que atendió una emergencia por conato de incendio, en calle 3 de Noviembre en Salitrosa, provincia de Coclé. Preliminarmente la entidad indicó que el incidente fue por daños eléctricos de un televisor. No se reportaron heridos. #TReporta https://t.co/0LEA2lSM59"
176,176,"Videoclip del tema ""Relación"" de Sech, supera los 100 millones de visualizaciones en YouTube https://t.co/1ggSn9YdHM https://t.co/6romnOJofQ"
177,177,Exministro de Salud: Regresar a una cuarentena total sería crear una crisis sobre otra https://t.co/wkYqQEHIB8 https://t.co/Ts0XW7xuN7
178,178,"Muere la actriz Kelly Preston, esposa de John Travolta, a los 57 años https://t.co/Kz6Ev4jN3N"
179,179,Policía puso a órdenes de las autoridades a 24 personas que se mantenían en la playa Buenaventura https://t.co/M6SWextTSJ https://t.co/sNl0TysJbC
180,180,Sucre reitera llamado a médicos a que se acerquen al Minsa para ser contratados https://t.co/cWYl23ttLi https://t.co/lDIw7TsJ85
181,181,Minsa autoriza conformar mesa de trabajo para analizar acceso a vacunas que están en estudio https://t.co/dQ5ApI3kIV https://t.co/hxevipg298
182,182,Cedeño: Sistema sanitario está congestionado por abultamiento de consultas y hospitalizaciones https://t.co/kvrk5AhN1d https://t.co/fqXrOjOihY
183,183,"VIDEO | Paila comunitaria garantiza almuerzo a más de 100 personas en Santa Ana
https://t.co/ms0ELJeg47 https://t.co/UdljPL2z4K"
184,184,"Un treintañero muere en EEUU tras contagiarse en una ""fiesta de COVID""
https://t.co/eXb7LYLmEJ"
185,185,"Se rinde en Polonia el exsoldado que huyó al bosque con un puma
https://t.co/wsepDy2WLo"
186,186,Francia y Gran Bretaña en acuerdo contra tráfico de migrantes https://t.co/pZ6jcf7eat https://t.co/zdzBCsYhIC
187,187,Ghosn ayuda a quienes le ayudaron a escapar https://t.co/Bwj4UyfXfB https://t.co/Go0pBiOteZ
188,188,Veintiún heridos al incendiarse buque militar en San Diego https://t.co/tpEBla8z49 https://t.co/v8j3ZhMhJn
189,189,"Imagen del momento cuando varios trabajadores almorzaban separados por mamparas de plástico, en la planta textil KPTextil en San Miguel Petapa, en Guatemala, ante la nueva normalidad en medio de la pandemia del coronavirus. #InternacionalesTR https://t.co/gmNJzv4idw"
190,190,"Taiwán realiza eventos públicos, Australia reporta contagios https://t.co/GWfyKwp8YB https://t.co/wiEvE5LcqD"
191,191,Serbia y Kosovo reanudarán diálogo https://t.co/d550nBnOUX https://t.co/wY3cIr16Zw
192,192,"Las Cataratas del Iguazú una de las maravillas naturales del mundo,  reabrió parcialmente solo para vecinos de la zona en Argentina, luego de alrededor de 100 días de veda por la pandemia del COVID-19. #InternacionalesTR https://t.co/D49IHrvzHj"
193,193,España reconfina 200.000 personas y Sudáfrica vuelve a imponer toque de queda https://t.co/noNuEjeLpF https://t.co/TZ5RiLn22M
194,194,"Ministro de Economía de Bolivia con coronavirus, es el cuarto caso en el gobierno https://t.co/Gnvw5ZnVnl https://t.co/FrXjqw7DBT"
195,195,"Ante el nuevo coronavirus los locales se están reinventan. Imagen de una mujer con un equipo especial en un salón de belleza en Bangkok, Tailandia. #InternacionalesTR https://t.co/ii8QufzErz"
196,196,Elecciones de Polonia muy cerradas para anunciar ganador https://t.co/sC5PoiuNAb https://t.co/kh9KjrbPk9
197,197,VÍDEO| Autoridades evalúan propuesta de cuarentena total en #Panamá y Panamá Oeste https://t.co/KIqjBFh88D https://t.co/IP0nIYUhA2
198,198,"El Tramo Marino de la Cinta Costera 3 cuenta con 2.7 kilómetros de vialidad para ciclistas, trotadores, patinadores, o para los que simplemente caminan para disfrutar del aire fresco, comparte @visitpanama. #TReporta https://t.co/9CqvYORgE7"
199,199,VÍDEO| Denuncian que personas intentan cambiar el vale digital por dinero en efectivo https://t.co/XHSMJSjmLi #Panamá https://t.co/zxtX26uF4I
200,200,Francia reabre puertas de estadios de fútbol a aficionados https://t.co/3YnRILAau3 https://t.co/xY2WmUXpxA
201,201,"Un trabajador de salud descansa en un centro de salud, en un barrio de bajos ingresos en San José, ante la gran demanda de casos de coronavirus. Las autoridades costarricenses anunciaron las restricciones más severas en últimos meses para contener el COVID-19. #InternacionalesTR https://t.co/CwJkYreFmh"
202,202,VÍDEO| Cientos de ciudadanos siguen incumpliendo el toque de queda https://t.co/5pFXhSeswy #Panamá https://t.co/XfR7U6gKbJ
203,203,"VÍDEO| #Panamá requiere información precisa y oportuna para toma de decisiones ante crisis, CCIAP https://t.co/bHySvNT9w7 https://t.co/PJuyOUnzyC"
204,204,"Las manos limpias son una receta para la buena salud, sobre todo en tiempos del COVID-19. Este pequeño les recuerda que deben lavarse las manos con agua y jabón. Contagia amor y no el virus. @unicef_es #TReporta https://t.co/VtClnqCSta"
205,205,Monseñor Ulloa insta a la unidad frente a la pandemia por encima de intereses particulares https://t.co/jMjVo1jFa7 https://t.co/kFXW6lrvF3
206,206,"Asesor de Trump propone una ""acción fuerte"" contra TikTok https://t.co/MxzbsFRDuM https://t.co/lYabN6viuQ"
207,207,"Tras reunión con el Consejo Consultivo de Salud, el presidente Laurentino @NitoCortizo dijo que se tomaron importantes decisiones en materia de salud y económica, que serán anunciadas en los próximos días.
#TReporta https://t.co/FXee0jLNnP"
208,208,#AvancesTR Mañana en la #EdiciónMatutina hablaremos sobre cómo los ciudadanos se pueden cuidar al momento de utilizar un ascensor o permanecer en espacios cerrados junto a otras personas. #TReporta https://t.co/pkIy48abZ7
209,209,"En las últimas horas se confirmaron más de mil casos nuevos de COVID-19 en Panamá y se superaron los 45 mil casos acumulados.
Conozca el desglose por provincia o comarca.
#TReporta https://t.co/kXMaIiBl8W"
210,210,VÍDEO| Más de 20 familias afectadas por mal tiempo en Chepo https://t.co/Lh7R0CqRWw #Panamá https://t.co/3SzGeWAc9e
211,211,VIDEO| Evolución diaria de contagios de COVID-19 en #Panamá https://t.co/CKb28qbqJB https://t.co/xyOeLOOTOI
212,212,CCIAP considera que Panamá requiere de información precisa y oportuna para toma de decisiones ante crisis https://t.co/QXW6ftYsVf https://t.co/qiIQpbBNca
213,213,"Varias personas se mantenían en la playa Buenaventura, en la provincia de Coclé, incumpliendo las normas en medio de la pandemia. Las autoridades indicaron que estos ciudadanos fueron sancionados. #TReporta https://t.co/es8tVkwK5J"
214,214,"Más de 100 niños y 25 adultos mayores, cuentan con alimentos gracias a un proyecto comunitario en Santa Ana, en medio de la pandemia del COVID-19. #TReporta https://t.co/fZzytHnChQ"
215,215,Detienen en Costa Rica a presuntos traficantes de personas con 15 migrantes asiáticos https://t.co/Kf3IRl9NEz https://t.co/t3OlruJF8v
216,216,"Continúan hospitalizados los afectados por la explosión que se registró en el edificio Mystic Tower, ubicado en Río Abajo. Como acto de solidaridad abren un centro de acopio para ayudarlos. #TReporta https://t.co/8Ht2aCPaan"
217,217,"Un grupo de trabajadores de una empresa que se dedica a la entrega de comida a domicilio, fueron sorprendidos en una fiesta en Panamá Oeste. Estas personas fueron sancionadas. #TReporta https://t.co/TwGcyy42ms"
218,218,Unos 10 millones de niños podrían no regresar a la escuela https://t.co/H1IrndNsGp https://t.co/mmRmsjfuKc
219,219,"Panamá reporta nuevo récord de casos de COVID-19 y acumula 45,633. El Ministerio de Salud informó que 909 personas han perdido la vida a causa del virus. #TReporta https://t.co/5eq6FgrL8H"
220,220,"Residentes de la barriada Bosque Dorado, en La Chorrera, sorprendieron a un delincuente que hurtaba en varias casas con linterna y un arma punzocortante. Los moradores capturaron al sujeto y llamaron a la Policía Nacional, pero el hombre se escapó. #TReporta https://t.co/6p9EFDajSN"
221,221,Gracias por acompañarnos en la #EdiciónFindeSemana de #TReporta https://t.co/gwCf9lst8H
222,222,VÍDEO| Panameños varados en Colombia ruegan al Gobierno ayuda para poder retornar al país https://t.co/TmpsEzCLGP #Panamá https://t.co/Dsn9Tl4fkz
223,223,"VIDEO | Piden apoyo económico para atención de personas afectadas por explosión en Mystic Towers
https://t.co/rhe8B0LSLp https://t.co/Ceb29T4mOe"
224,224,"Un proyecto comunitario permite que varios niños y adultos mayores, cuenten con alimentos, en medio de la pandemia del COVID-19, en Santa Ana. #TReporta https://t.co/qn5c254PE7"
225,225,"Encuentran con vida a un señor de 66 años de edad que había sido reportado como desaparecido, en la provincia de Veraguas. El hombre fue ubicado en Cañazas Arriba, aproximadamente a unos 9 kilómetros de su residencia. #TReporta https://t.co/xmYC3kG0Ye"
226,226,"Con 1,301 nuevos casos de COVID-19, Panamá acumula 45,633. #TReporta https://t.co/a1qOlKRDSP"
227,227,"Varias personas fueron sorprendidas incumpliendo el toque de queda y les tocó realizar trabajo comunitario en La Peatonal, Avenida Central. #TReporta https://t.co/oxwThKz1NP"
228,228,"Panamá acumula 45,633 casos del nuevo coronavirus y 909 defunciones. #TReporta https://t.co/sOvlEBjDut"
229,229,Continúan hospitalizados los afectados por la explosión que se registró en un edificio en Río Abajo. #TReporta https://t.co/zWdlgks5WI
230,230,"Varios panameños y residentes denuncian que están varados en el Aeropuerto Internacional El Dorado, en Bogotá, Colombia. Estas personas solicitan que los ayuden para regresar al territorio nacional. #TReporta https://t.co/kHD3Y4CwHa"
231,231,"La  Cámara de Comercio solicita al Gobierno cuentas claras con información precisa, oportuna y confiable, en medio de la pandemia del COVID-19. #TReporta https://t.co/teZWEzyVEE"
232,232,"Un ciudadano que se dedicaba a la venta clandestina de bebidas alcohólicas fue aprehendido por Agentes del Servicio Nacional de Fronteras, en la provincia de Chiriquí. #TReporta https://t.co/8nHOn5WSUu"
233,233,"Un grupo de transportistas panameños de carga unitaria exige a Costa Rica, el cumplimiento de los acuerdos de reciprocidad establecidos entre ambos países. #TReporta https://t.co/qcREQ5F04u"
234,234,"#Panamá eleva a 909 su cifra de decesos por COVID-19 y a 45,633 casos acumulados https://t.co/N7CREmCwG8 https://t.co/OlphWXEzN8"
235,235,"Unos 18 panameños y residentes denuncian que están varados en el Aeropuerto Internacional El Dorado, en Bogotá, Colombia. Estas personas se encuentran en la parte externa de la terminal aérea esperando que las autoridades los ayuden a regresar al territorio nacional. #TReporta https://t.co/dW4L1SZHFY"
236,236,"1,301 casos nuevos de COVID-19 fueron reportados este domingo por el @minsapma, y se elevó a 45,633 los casos acumulados en Panamá.
- Defunciones: 909 (16 nuevas defunciones)
- Aislamiento: 20,539 (672 hoteles)
- Hospitalizados: 1,146 (987 sala, 159 UCI)
- Recuperados: 23,039 https://t.co/66rXj186qV"
237,237,"El incumplimiento de las medidas sanitarias podría estar influyendo en el aumento de casos de COVID-19 en Panamá, advirtió el director de la Región Metropolitana de Salud, Israel Cedeño. #TReporta https://t.co/HlgllhBIS8"
238,238,"Unas 30 toneladas de drogas han logrado decomisar los estamentos de seguridad en lo que va del año. El ministro de Seguridad, Juan Pino,  señaló que buscan acabar con el narcotráfico atacando desde la raíz a las organizaciones criminales. #TReporta https://t.co/JEAEbzh2Fk"
239,239,"Unas 606 personas fueron retenidas por incumplir el toque de queda a nivel nacional. De esta cifra 512 eran hombres, 70 mujeres y 24 menores. #TReporta https://t.co/tn8cddMWCX"
240,240,"El mandatario panameño Laurentino @NitoCortizo reunido con el Consejo Consultivo de Salud para la revisión del reporte epidemiológico ""y continuar tomando decisiones de manera alineada y coordinada para seguir enfrentando la Pandemia"".
#TReporta https://t.co/sSZOKDecAl"
241,241,"Unas 24 personas se mantenían en la playa Buenaventura, en Coclé. Estos ciudadanos fueron sancionados por incumplir el toque que queda. #TReporta https://t.co/aM6UBqxo8X"
242,242,"Varias personas continúan incumplimiento el toque de queda en La Chorrera, provincia de Panamá Oeste. Las autoridades procedieron a sancionar a estos ciudadanos. #TReporta https://t.co/beIFSspgNE"
243,243,"¡Buenas tardes Panamá! Inicia la #EdiciónFindeSemana de #TReporta con @birnajulissatv. Sintoniza @Telemetro o accede a https://t.co/HMnrCKaPZt, o @MedcomGo https://t.co/rBMPQBKDLv"
244,244,"Ante el aumento de hospitalizaciones debido al COVID-19, Sudáfrica considera volver a intensificar las restricciones para combatir la enfermedad, que según funcionarios pronto podría saturar al sistema de salud del país. #InternacionalesTR https://t.co/eC9nNIOJ2Y"
245,245,Al menos 11 civiles muertos en protestas en Malí https://t.co/2i42yMaSbJ https://t.co/4UO9pMVrAw
246,246,Apede insta al Gobierno a redefinir estrategia frente al COVID-19 y convocar reunión de emergencia https://t.co/Z4kxuip4J5  #Panamá https://t.co/YJCDormUxC
247,247,Francia realizará tests virológicos a viajeros procedentes de zonas en riesgo https://t.co/93RC9Aq8b4 https://t.co/spE8sbcdaa
248,248,"El director de @senafrontpanama, @orielortega1, compartió una hermosa imagen de la ciudad de Panamá. #TReporta https://t.co/5b4KDD14hm"
249,249,Expertos en salud de EEUU cuestionan reapertura de escuelas https://t.co/PqjqiLNE6M https://t.co/oRTIPzGini
250,250,"Edgar Yoel Bárcenas anotó y dio asistencia en el triunfo del Real Oviedo por 4-2 sobre Zaragoza, en la segunda división de España. @deportes_rpc #DeportesTR https://t.co/oKDmoT0fHE"
251,251,"Marinos del buque portacontenedores San Pasley desembarcaron, para que nuevos marinos procedentes de Lituania, Polonia, Filipinas, Rusia y Rumanía, los relevaran. La @AMP_Panama informó que todos cumplieron con las medidas de higiene y seguridad. #TReporta https://t.co/mtSDPoCegi"
252,252,VIDEO| Presidente Trump usa mascarilla por primera vez en público https://t.co/PXLuwA6a4X https://t.co/vBLxrocFwi
253,253,"Dieciocho heridos al incendiarse buque militar en San Diego
https://t.co/NrMwWinuSa"
254,254,Policía puso a órdenes de las autoridades a 24 personas que se mantenían en la playa Buenaventura https://t.co/rLkb5fMV0p https://t.co/TTZwgqJJ9q
255,255,La @Apedeorg advierte que urge cambiar el rumbo y redefinir estrategias frente a la pandemia y el aumento de casos de COVID-19 en Panamá. #TReporta https://t.co/kAckq4ychS
256,256,Cientos de mexicanos asisten a claxonazo para pedir renuncia de López Obrador https://t.co/gduL2IQdPu https://t.co/o4cQgm9jIE
257,257,"¡Felicidades! El panameño Erick Davis fue escogido como mejor lateral izquierdo, en el XI ideal de la temporada 2019-2020 en la primera división de Eslovaquia. @deportes_rpc #DeportesTR https://t.co/yXR24Z63oe"
258,258,"Retienen a 7 personas que realizaban peleas de gallos en el sector de Doña Juana, en La Villa de Los Santos. @ProtegeryServir indicó que estos ciudadanos fueron puestos a órdenes de las autoridades. #TReporta https://t.co/m6aMREoa5E"
259,259,"Unas 4 personas resultaron heridas tras colisión de 2 motos, en la provincia de Coclé. #TReporta https://t.co/C9gLhxGPZF"
260,260,Monseñor Ulloa insta a la unidad frente a la pandemia por encima de intereses particulares https://t.co/IjrKgYZF00 #Panamá https://t.co/FnhGObGpt5
261,261,"Varias personas realizaban fiestas en sus residencias, incumpliendo con los decretos ejecutivos, en Arraiján. @protegeryservir indicó que estos ciudadanos fueron puestos a órdenes de las autoridades competentes. #TReporta https://t.co/SPm7uHBS0f"
262,262,"Privado de libertad resultó herido con arma de fuego en cárcel Nueva Esperanza, DGSP investiga https://t.co/72uB3TMpfJ https://t.co/CgBZc0NMXf"
263,263,"Unas 24 personas se mantenían en la playa Buenaventura, incumpliendo con el Decreto Ejecutivo N° 644. Unidades de @ProtegeryServir en Coclé, indicaron que estos ciudadanos fueron puestos a órdenes de las autoridades competentes. #TReporta https://t.co/3mKWKpBSz4"
264,264,Nuevas restricciones por aumento de casos en Europa del este https://t.co/ld9ToFEDD8 https://t.co/brTxjcfflr
265,265,"#AvancesTR Director de la Caja de Seguro Social, Enrique Lau, defiende al Comité Consultivo de Salud. Asegura que el aumento de casos de COVID-19 no es culpa de quienes lo conforman. Los detalles completos de esta y otras informaciones en la #EdiciónFindeSemana de #TReporta https://t.co/E4mZNM1dyj"
266,266,"Encuentran 12 paquetes con presunta droga dentro de un pozo, ubicado en el patio de una residencia abandonada, en el corregimiento de Veracruz. @ProtegeryServir #TReporta https://t.co/IMwCc3Wh5y"
267,267,Policía detiene a niño de 12 años por los insultos racistas a Wilfried Zaha https://t.co/jGcvDvcEGV https://t.co/63ghCTcsTG
268,268,La ciudad italiana de Turín despidió hoy al equipo de 38 médicos y enfermeros cubanos que llegaron en abril para ayudar en la batalla contra el COVID-19 y les honró con un almuerzo para agradecer la ayuda. La celebración contó con la asistencia de 400 personas. #InternacionalesTR https://t.co/b8j2BZXwbc
269,269,Florida sufre más casos nuevos que ningún otro estado https://t.co/4QGh3P6RsA https://t.co/2JWTJHe5Sg
270,270,Varias personas fueron sorprendidas incumpliendo el toque de queda y les tocó realizar trabajo comunitario en La Peatonal. @Anghydgracia #TReporta https://t.co/OPmcs0CV1j
271,271,MLS pospone encuentro entre D.C United y Toronto FC por coronavirus https://t.co/WnpgOy7BVp https://t.co/CnUxOKA2Bs
272,272,"Decomisan armas punzocortantes y varios artículos que están prohibidos, en el Centro Penitenciario Nueva Esperanza, ubicado en la provincia de Colón, tras una requisa. @ProtegeryServir #TReporta https://t.co/takPrj52b5"
273,273,Exministro de Salud: Regresar a una cuarentena total sería crear una crisis sobre otra https://t.co/kU7wfsSdD8 #Panamá https://t.co/Wc7DzONaiv
274,274,"Del 1 de julio de 2019 al 30 de junio de 2020, @MinSegPma informó que incautaron 1,938 armas de fuego. Además la entidad indicó que recuperaron 1,033 vehículos y 82 embarcaciones, dedicadas al transporte de drogas. #TReporta https://t.co/x2GE9RceXl"
275,275,Cedeño: Sistema sanitario está congestionado por abultamiento de consultas y hospitalizaciones https://t.co/KizLBTnUiu https://t.co/KxMORi7pKo
276,276,Minsa autoriza conformar mesa de trabajo para analizar acceso a vacunas que están en estudio https://t.co/y6edYemGWy #Panamá https://t.co/bZZbZsz9pD
277,277,"Realizan desinfección en la Ulaps de Portobelo, en la provincia de Colón. La medida busca mitigar el virus. @CSSPanama #TReporta https://t.co/gIZizLzfxG"
278,278,Polonia elige presidente en una reñida segunda vuelta https://t.co/qlBZTQwRNT https://t.co/xTiyTpd5DX
279,279,El @MINSAPma autorizó la conformación de una mesa de trabajo para investigar y analizar la accesibilidad a diferentes vacunas que están en estudio. #TReporta https://t.co/wQkv0dVy7Y
280,280,"Funcionario de Casa Blanca: virus ""no está fuera de control"" https://t.co/kmbzFDIcdf https://t.co/RbIsGhNxzR"
281,281,"Sorprenden a un ciudadano trasladando varias cajas de cerveza en una carretilla, en Puerto Caimito. @SENANPanama indicó que cuando este hombre se percató de la presencia de las unidades, intento darse a la fuga. Al ser aprehendido no mantenía documentos de identidad. #TReporta https://t.co/NkzqkmSxGp"
282,282,Reino Unido podría implementar una vacuna contra COVID-19 a mediados de 2021 https://t.co/MpTAba3T4x https://t.co/tkPDcCHbqy
283,283,"Videoclip del tema ""Relación"" de Sech, supera los 100 millones de visualizaciones en YouTube https://t.co/dq7i8xmdtl https://t.co/obKfuB93Ys"
284,284,"El @MinSegPma informó que más de 5 millones de dólares producto del narcotráfico han sido incautados en 1 año, a través de los estamentos de seguridad en más de 150 operaciones. #TReporta https://t.co/h3ZmrzEOUd"
285,285,"Maduro dice que Venezuela sufre ""una invasión"" de coronavirus desde Colombia https://t.co/7AjS0wbW9J https://t.co/0GvieeXv2B"
286,286,"Reportan un accidente de tránsito en la vía Interamericana, por El Nazareno, en La Chorrera, provincia de Panamá Oeste. @TraficoCPanama #TReporta https://t.co/DV3RHxAyoc"
287,287,Al menos 20 tortugas mueren en Bangladés atrapadas por residuos plásticos https://t.co/lJ8YTyHw98 https://t.co/xKVkd5knEY
288,288,Desarrollan algoritmo para identificar enfermos de COVID-19 mediante la tos https://t.co/Ai063Ma7Qa https://t.co/Fn3X2UWPjD
289,289,"Rescatan a un perro que fue abandonado, el mismo se mantenía amarrado en un herbazal, en el sector de Altos de La Gloria, distrito de La Chorrera, provincia de Panamá Oeste. @ProtegeryServir #TReporta https://t.co/HW0c3VdWfL"
290,290,"Propuesta Adopta Tu Médico. ”Hay aproximadamente 400 médicos que recibieron su idoneidad pero no están trabajando. (…) Que estas personas sean las que se encarguen de darle seguimiento a los contactos y a los que salen positivos”, exministro de Salud, José Terán. #CaraACara https://t.co/7dGqxwaj1k"
291,291,"VÍDEO| Flor Mizrachi Pregunta: Román Macaya, presidente de la Caja del Seguro Social de Costa Rica https://t.co/lBAQkqyaSn https://t.co/1D95twDKPt"
292,292,"Reportan dos caballos en soltura en la vía Interamericana, por Costa Verde, en La Chorrera, provincia de Panamá Oeste. @TraficoCPanama #TReporta https://t.co/cTFzv1NJNH"
293,293,"El Presidente de la CSS de Costa Rica, se refirió a las estrategias de este país ante el COVID-19. “La trazabilidad ha sido una de las fortalezas. (…) De nada sirve detectar un caso si no rastreamos los contactos que podrían ser los nuevos contagiados”. #FlorMizrachiPregunta https://t.co/ZoVLhfFqmY"
294,294,"VÍDEO| Cara a Cara con José Terán, exministro de Salud https://t.co/xFC9Vn4qWb  #Panamá https://t.co/4OV0XHZ3yM"
295,295,"”Hay más de 100 vacunas en desarrollo. (…) Yo estoy optimista de que incluso antes de los 18 meses habrá una vacuna. El reto va a ser distribuirla en todo el mundo”, presidente de la CSS de Costa Rica, Román Macaya. #FlorMizrachiPregunta https://t.co/GbRA8peG17"
296,296,"PIB asignado a salud en Costa Rica. ”Ronda alrededor del 9 %, incluyendo al sector privado, pero la mayoría de ese porcentaje es del sector privado”, presidente de la CSS de Costa Rica, Román Macaya. #FlorMizrachiPregunta"
297,297,"”(...) Pero si la gente quiere comprarse algo en el supermercado lo puede hacer”, presidente de la CSS de Costa Rica, Román Macaya. #FlorMizrachiPregunta https://t.co/CfeV0Pptip"
298,298,"”Hemos cerrado los hoteles, los bares, discotecas, casinos, en fin los lugares donde pueden ingerir bebidas alcohólicas”, presidente de la CSS de Costa Rica, Román Macaya. #FlorMizrachiPregunta"
299,299,Minseg: Más de 5 millones de dólares han sido incautados del narcotráfico en Panamá en un año de Gobierno https://t.co/eLCfM7NgVB https://t.co/Fzor70roYr
